participant_id,instrument,condition,skill_level,n_blocks,mean_duration_s,PCA11b_within_participant_consistency,PCA11b_consistency_sd_pairs,n_blocks_pm,duration_s,PCA12a_PM1_rms,PCA12a_PM2_rms,PCA12a_PM3_rms,PCA12a_PM4_rms,PCA12a_PM5_rms,PCA12a_PM6_rms,PCA12a_PM7_rms,PCA12a_PM8_rms,PCA12a_PM9_rms,PCA12a_PM10_rms,PCA12a_PM11_rms,PCA12a_PM12_rms,PCA12a_PM13_rms,PCA12a_PM14_rms,PCA12a_PM15_rms,PCA12a_PM16_rms,PCA12a_PM17_rms,PCA12a_PM18_rms,PCA12a_PM19_rms,PCA12a_PM20_rms,PCA12a_PM21_rms,PCA12a_PM22_rms,PCA12a_PM23_rms,PCA12a_PM24_rms,PCA12a_PM25_rms,n_blocks_var,duration_s_var,PCA16_lower_body_mean_sd,PCA16_trunk_head_mean_sd,PCA16_upper_body_mean_sd,n_blocks_baseline,mean_duration_s_baseline,PCA_n_components_90,PCA_total_variance_explained_by_pc1,SPARC,SPARC_RWrist,SPARC_LWrist,SPARC_stroke_mean_RWrist,SPARC_stroke_sd_RWrist,SPARC_stroke_mean_LWrist,SPARC_stroke_sd_LWrist,LDJ_stroke_mean_RWrist,LDJ_stroke_sd_RWrist,LDJ_stroke_mean_LWrist,LDJ_stroke_sd_LWrist
P001,violin,mime,novice,4,28.72,0.025644980651801704,0.292221712680681,4,28.72,3.9575634920884704,1.8366261392171768,1.476572901206231,2.5500378272862516,1.4673588896532448,1.193479019047854,1.0929341525358907,1.1308728267276322,1.2360694880638503,1.550466530424696,1.402573373544231,0.9427443347034454,1.0339797738659509,0.690173277376765,0.7128299131185287,0.7314133312375368,1.0334017583661304,0.6451630978674985,1.3705008451705187,0.5443613489631071,0.9632283796567428,0.31067395272404763,0.31886929632763217,0.5172211215790179,0.6244498009120101,4,28.72,1.1934206633298836,0.6414819538957978,3.57255567349971,4,28.72,10.0,0.19530147312035986,-4.730374900197185,-4.730374900197185,,-1.5786165908996628,0.0203183482074973,,,-5.306104594901587,0.2405394850499669,,
P001,violin,play,novice,4,32.91,0.7655236640473433,0.07040629391036059,4,32.91,2.876410554988064,2.0524028019315974,3.1742989508575787,1.8444279805487473,1.8348111412404917,2.1162607452361386,1.0327976001908978,1.201041202871114,1.107474520014485,1.1960364573174482,1.384504357953523,0.6694473686005088,0.9127647540716853,0.8939931451634142,0.7140521200446271,1.2642185105553327,0.8710539088367872,0.463218014525504,0.7938861826607576,0.4906310569815705,0.7634717353199382,0.34634974504816707,0.29337368297597094,0.47398601204258134,0.5185143138471149,4,32.91,1.3979120414589088,0.9117489634509186,6.1369571056023755,4,32.91,10.0,0.311589210138855,-4.034883266071237,-4.034883266071237,,-1.5419823550848513,0.09958360575845478,,,-4.418574908723302,1.1268683561250952,,
P002,clarinet,mime,expert,4,31.03,0.8943704647689024,0.041758310875991904,4,31.03,1.9191224479765896,2.2975916042505213,0.9674789525202114,1.368216785087955,1.9330157003266022,1.6521314913971312,2.4564479008054696,1.934866692065445,2.25528398977047,1.2737919897946741,1.0896732004569023,2.237585489426921,1.0607668933102636,1.0169649600117705,0.6962971015835073,1.8369193268820463,0.7476355066527166,0.6835406626638733,0.7204094364299836,0.5494339527906127,0.6249128806084645,0.6187039136795802,0.6250245612714599,0.6344279946683631,0.8073296476757552,4,31.03,2.9177945223115307,0.9365507727254943,5.032616551052725,4,31.03,9.0,0.21728253305127856,-5.141332952159674,-5.609403860203906,-4.673262044115443,-1.4424458332686532,0.12887863863690951,-1.4476510173661725,0.12475410038291529,-4.644719219848791,1.3333225664149428,-4.285254579015541,1.3531998802624767
P002,clarinet,play,expert,4,30.67,0.9453984832463843,0.025303406718666755,4,30.67,1.5489540184452353,1.7275277802175657,1.1262874544233252,1.1418548192569131,1.8586343290210545,1.5630232474432715,2.2445988639895718,1.8395380822508594,2.400586759267962,1.3206059390712812,1.0956966752841357,3.0099705704076762,1.4879940952202737,0.8434174232623635,0.6538131728237158,1.7365343091040517,0.9984573718926089,0.7047967567872366,0.6667909199042792,0.5962993964091847,0.6502496553879755,0.6182562331344089,0.6234589365589008,0.6816121580337262,0.8243030070579902,4,30.67,4.6676210141306225,1.1410448801942692,6.17391939248472,4,30.67,9.0,0.27031047160092436,-4.59894663523471,-4.350785787364305,-4.847107483105114,-1.4547102058207404,0.12801662315927695,-1.4491884151880678,0.11588334758702405,-4.15921936139936,1.3678358064717961,-3.9526542719599487,1.3328651450473847
P003,clarinet,mime,novice,4,26.94,0.02612330188629114,0.3614699396042633,4,26.94,2.185943988682353,3.5386436331609605,1.8057026178520328,1.9936631106879064,2.4392375029317854,1.3645525669193934,1.6483783716470812,2.092957462653489,1.4165839073030408,1.0859258742732025,0.9307915049245696,0.5349139029195639,0.88262834581409,0.6387927099204735,0.9470342889907825,0.8645069600482629,0.641949182636958,0.9137920853956376,0.8488555800462838,0.5418062853134776,0.4995316224967568,0.4214449522463666,0.4152958832763065,0.4287341344473604,0.3380195314395667,4,26.94,1.5766557806611035,0.3766622107967309,4.37578346189623,4,26.94,7.75,0.2675278724831456,-8.85118423248893,-8.427149503376329,-9.275218961601528,-1.4549763501216495,0.1660962667265062,-1.4577514298390146,0.16430803756475112,-5.713056084369875,1.3369871999825116,-5.869531642622188,1.3310835676072732
P003,clarinet,play,novice,4,31.23,0.6276015708946812,0.15423969271862437,4,31.23,2.2747667364726487,2.64445699551064,1.4353904416190597,1.3485268643953243,2.7280084353137433,1.6027657577361394,1.6025603332044704,1.5474990259571029,1.1809430572536948,1.8969186460568956,1.253772885948001,0.6859137163522249,1.623848463226187,0.8674015813743943,1.8167147327104374,0.7849780868026706,0.6788082246978879,0.7357249251393236,0.6585419788656399,0.7909021137936476,0.5165862770145877,0.5235562131325687,0.7866653985526479,0.7015686634859425,0.583420946776003,4,31.23,3.4552178852327637,0.5155842827597186,4.834137061232667,4,31.23,7.75,0.26221220336753676,-8.689564723328738,-8.14740034072675,-9.231729105930727,-1.4499447342450469,0.14966079574764962,-1.4243823263428501,0.14655993772280684,-5.461977493463774,1.375593016342132,-5.349545475899364,1.3656105126475284
P004,clarinet,mime,novice,4,32.67,0.4271746806700392,0.029591836873691595,4,32.67,3.0630964747297154,3.713977624432723,0.8568006110735685,2.064350284370269,1.6676301371266304,1.9124055197003538,1.0097784335266715,1.315784182087751,0.8922283869221644,1.4820712215420029,0.9413808024462337,0.657288492546567,0.935867733897617,0.6897070895744171,0.7471647272688107,0.6939921310535317,0.7645488060264566,0.5186516785203551,0.5941073330329935,0.7135390707256124,0.7095176885501897,0.41164996905745105,0.30146625711840924,0.4844378576277606,0.35475745007784015,4,32.67,1.2929863183343215,0.41339832133347865,3.2814636627310896,4,32.67,8.0,0.2547612315626824,-7.179753444336047,-5.998127770177791,-8.361379118494302,-1.4910651329564129,0.15447671715571354,-1.475636420855917,0.17488508168917005,-5.889923984435282,1.307979024578414,-6.075422508560592,1.3462857158528811
P004,clarinet,play,novice,4,46.6,0.24637358725615424,0.26107602797637364,4,46.6,2.6496594842553143,3.45601827080877,1.1468372181021866,1.7461156965047144,1.6672657975566383,2.2204703044205494,1.4159953332651147,1.5314280798159299,1.3985750268603132,1.488312861593289,1.1948801162655103,0.7094523565687239,1.2296198317310105,1.1120475438710287,0.590136279975499,0.5704122407384662,0.7158041706741995,0.5460584418744965,0.5786629152709417,0.6975091072538414,0.6975645560948586,0.6762249457376722,0.60131804044207,0.6016303294554999,0.5160003537177371,4,46.6,2.1196522690744706,0.5264490624226004,3.721645598296245,4,46.6,8.5,0.203480275431898,-5.442330254340424,-5.023832809179336,-5.860827699501512,-1.504351563810451,0.15161756950201238,-1.4841420315313598,0.17164410298534888,-5.813022765936836,1.2560667583407297,-5.946792361937669,1.2988549231582858
P005,clarinet,mime,competent,4,31.529999999999998,0.869404452192652,0.0349374113284503,4,31.53,2.2822336544023387,1.545272139789438,1.0114500812408012,1.7255768833432128,2.1066363956383336,1.7509133741614429,2.9553482862545444,1.698006915683182,2.0298638741479467,1.4339909856372375,1.3202733214143914,0.989131394230928,0.7749967740888002,1.2306823060497152,0.7021273526260541,0.7953552916372217,0.6219321550315741,0.9720819891618904,0.5363762761846442,0.9645123501383294,0.4424708047608134,0.7205311979459922,0.4504516545703143,0.6920747817612096,0.6201007260194448,4,31.53,4.428161264107403,0.9432106574114842,6.190573553971137,4,31.53,6.5,0.42154080260175464,-7.174924422744214,-8.342901999935384,-6.0069468455530455,-1.4188390510083657,0.13508819952172169,-1.442403100804722,0.1455030999264088,-5.132444979644427,1.3103182498813817,-5.113416290824761,1.3786102786906662
P005,clarinet,play,competent,4,36.97,0.8612818042154006,0.05202465768297245,4,36.97,2.0951063933684275,1.4943420013329962,1.2299945126968852,1.8249487225351113,2.3619065646007025,1.5634608244963784,2.728073703604809,2.0449125962399037,1.3754451048434824,1.8195755782859173,1.5463475394010282,1.1342131091904022,1.1743971542723386,0.9710814524722859,1.2126167458900234,0.7671537005441003,0.7215475429484547,0.5832307159958516,0.6919756042305371,0.9825980520653497,0.6006269144252299,0.7218310703979249,0.6133621273833723,0.776720448232256,0.6262845653084596,4,36.97,3.9832198295772514,0.7623921626471951,4.717003963105539,4,36.97,8.5,0.23725133337563387,-6.042731310526706,-7.504945399282393,-4.580517221771021,-1.427094199283456,0.14072865687415245,-1.4306558571138073,0.13267377958820387,-5.077451448766525,1.2977353944091017,-4.794380554318039,1.353668635622809
P006,clarinet,mime,expert,4,25.36,0.06706326433915709,0.43824525225797417,4,25.36,2.775707834072131,1.5630475759955598,1.323196390952904,1.3483926256273944,1.5738429827219664,1.277265515875475,2.0005452505951373,1.6497108604953856,2.283026940374114,1.309980659593645,1.3762796145653549,2.0108924638932466,1.0177567957301015,1.541960762599605,1.1129675325947426,0.9918585204268016,0.8390859644520254,0.8943043981552827,0.860999986090575,0.7897326929091784,0.6648829494864124,0.7374639181916658,0.587298759131984,0.48898922536974876,0.6492976633756823,4,25.36,2.572873976579992,0.7847283847560093,3.4562227676437374,4,25.36,8.75,0.2562954452289554,-5.399794550272504,-6.645106388424904,-4.154482712120103,-1.4359301437291743,0.1378140727954984,-1.4685326158699665,0.12917716978946797,-5.0211662424278405,1.2969600401169241,-5.006009250490475,1.2904047815510034
P006,clarinet,play,expert,4,27.884999999999998,0.6299003168003602,0.2842683141310533,4,27.884999999999998,2.194559301523,1.429940123398988,1.3549378903823943,1.091964994833683,1.1430194991809077,1.0223488520562216,1.85998923663489,1.499493770008673,2.454128414141434,1.84385754085559,1.7100718207201684,2.5313836276823065,1.2516167379764926,1.4508576601019538,1.1863687540738765,1.0773814544007012,1.0667034036313803,1.0636306638166548,0.7716902697640018,0.9825789894666318,0.7573020854046877,0.6277229360636766,0.45520942027507816,0.6345490386761634,0.6042544894983374,4,27.884999999999998,4.106989870763461,0.9634679740646921,4.159292649250535,4,27.884999999999998,8.75,0.2871081858057381,-4.646008021504776,-5.334904345533348,-3.957111697476204,-1.4339047982618236,0.12278585245246809,-1.4500325419916098,0.12176759406714012,-4.466301154982429,1.2556695971818845,-4.315775810913897,1.3328314689696268
P007,clarinet,mime,advanced_beginner,4,53.485,0.7271784505152725,0.10257482839527542,4,53.485,2.622024509074234,2.346446780489813,1.905672744532504,2.541678986683032,3.1557223546277564,1.3718789328265104,1.5233330659108555,1.7196367401888575,1.4598133837196174,1.2497164852902123,0.8961289443480134,0.7291490440771636,0.9651281989634768,0.8723440244771516,0.6625986441342648,0.537926808848027,0.9269016551390554,0.5551397603945113,0.5700925384067939,0.6480280130914272,0.6964378103544535,0.5902509082519933,0.6252634066801973,0.49461199635875397,0.40834071180502424,4,53.485,1.6121055536807096,0.47689312836741493,3.8391167941889854,4,53.485,9.0,0.23118583472361434,-5.394009642467153,-4.737814412077365,-6.05020487285694,-1.4746470443470334,0.15148189037824034,-1.4767012202757126,0.155793187327663,-5.7640156080017,1.275967316297785,-5.81418653882691,1.2967124591924417
P007,clarinet,play,advanced_beginner,4,40.650000000000006,0.8048229540950773,0.05374413049776401,4,40.65,3.0725791909716476,1.7846213966060118,1.9937898386140973,2.499080019704471,2.1486410391604394,1.3718067963383833,1.31600225882336,1.4483603822550255,1.581002609892945,1.7236590036928616,0.8862513220776842,0.9238348782788873,1.3580480529583931,0.9127659941366923,1.181679507054382,0.5544636203488388,0.989245161637943,0.5997188652410499,0.5729399813656868,0.726238277929163,0.756797294813736,0.6032373622926327,0.5159818497688387,0.5952942870087328,0.4511191040391519,4,40.65,2.4043060431268,0.5001361325601849,4.4015927996565125,4,40.65,8.75,0.26382540507220953,-5.358559704729859,-5.784993757807728,-4.93212565165199,-1.4528266194024846,0.15296467567383248,-1.4596147193184434,0.14668390564484554,-5.546425673677902,1.3296319098298246,-5.5466215210577,1.3149279177720063
P008,clarinet,mime,novice,4,28.33,0.34396595465950197,0.11351701169756195,4,28.33,1.8250668346772536,2.695408797803412,1.3182589351740897,1.411784751733566,3.3252265823521583,1.7342498513435405,1.5627179273713163,2.1391055484056443,1.146888626883047,1.136411016543509,0.8560555632841419,0.5552795260085894,1.1971732322495612,0.5384509934755403,1.182376506504494,0.5851775367957195,0.44349776417035736,0.6336625969256181,0.5832581411048925,0.37772213771649443,0.6031982898376209,0.6111034110343576,0.5500201329735989,0.4670497147508702,0.424234308002006,4,28.33,1.5334842058748124,0.39275441028670927,3.6999245007460626,4,28.33,8.5,0.24591195710459873,-5.623632343368671,-4.603016977374015,-6.644247709363328,-1.4984159398340826,0.1688542225729644,-1.4390035580455773,0.14895784006410487,-5.729033356085854,1.3828960713058855,-5.3562769684729,1.334223000416117
P008,clarinet,play,novice,4,35.845,0.1333375720082781,0.3149106645989669,4,35.845,1.493081065736099,2.12072562183063,1.5009448105431258,1.3254289955451313,4.204407541334954,1.3742952045256163,1.682883370074335,2.679642504975679,0.947367752819342,1.0905196643907122,0.7890018853219619,0.48829773604634,1.0594223347787866,0.5342439117486398,0.9287836959359652,0.6401853795805647,0.49308200935933033,0.5596470229489628,0.8198865534262834,0.4404749075676984,0.5673724969812124,0.5217419350563304,0.36257848948053645,0.6191493637229611,0.4719214154005936,4,35.845,1.5542649710213285,0.518903193008922,4.286396205179993,4,35.845,8.5,0.27084482918275765,-7.904980313674551,-6.882766008037129,-8.927194619311974,-1.500200159757961,0.15327243196499232,-1.4413589413070853,0.15104568591986006,-5.878821579152341,1.2793854140261427,-5.388102338290905,1.3365317233227982
P009,clarinet,mime,expert,4,34.145,0.733736846872182,0.08207563773018921,4,34.144999999999996,2.2489409729950496,2.849039227944237,0.8752927218146318,2.1377321302049097,2.3302147410381626,2.0915552315663843,1.2719246223892227,1.4166882689637976,2.0366432366821323,1.0295896933345001,1.0138376007777774,1.9913207002502182,1.0998257655677146,0.873262586154792,0.5913981459794996,1.1007203728974553,0.845179801289429,0.5686479631434305,0.524412152320695,0.7579464854668468,0.5711658225290898,0.665512448300644,0.5960117717639711,0.5500394880476938,0.7976717461110122,4,34.144999999999996,2.144593392283086,0.9198714712640625,4.696771842701306,4,34.144999999999996,8.5,0.22565431221631474,-5.261853758950353,-5.102173033524634,-5.42153448437607,-1.4327247522926778,0.12611470118223783,-1.4396672935445212,0.12468449867428713,-4.444284769800918,1.3672479346444633,-4.4929360254204145,1.2872884249058631
P009,clarinet,play,expert,4,33.08,0.8393192986689436,0.06301263644408725,4,33.08,1.5318433326336236,1.3027859938157704,1.0867299645779178,1.6983680348774044,1.510634728403506,1.2262059216785652,1.495698932214895,1.3661162628008257,2.397791591169419,1.7661470787579043,0.9927441981225975,3.354609510967925,1.818386715400388,1.2824982836919068,0.933388693009558,0.9245427459164187,1.1391488321023988,0.6617160256885759,0.6308895555515467,1.038577811485555,0.5850125296541042,0.7099100662227421,0.6600316207878139,0.723238977089031,0.8420832131056588,4,33.08,6.134683217627375,1.1120520073300173,5.569800336509814,4,33.08,8.5,0.3435857010097749,-3.904645312473928,-3.9827214508124786,-3.826569174135378,-1.4672962712025464,0.12878426013889618,-1.4620914068008481,0.10863937414131883,-3.7060819923869364,1.4195930660681966,-3.590160424499078,1.3258399684827815
P010,violin,mime,expert,4,35.735,0.605544723509115,0.11290673033810272,4,35.735,2.232212548585687,2.2792889574502446,1.0350436180393987,1.1055194684699452,1.6250855021252533,0.9676777284135544,1.9622695366836518,2.5194369804418644,1.2311778819286574,1.6246660130167947,1.1368773589967656,0.9780972699722693,1.8110311823111551,1.7915618012553411,1.5627309829825522,0.6355940429412015,1.0478824557376798,0.6599965374295527,0.882783758372498,0.9443586610282566,0.7673468261696738,0.6626082650734955,0.6342334611640845,0.6685192568182641,0.7184345928097475,4,35.735,3.9740690217750574,1.2108848072803307,5.949910473454246,4,35.735,9.0,0.2888846102178965,-4.544176785477287,-4.544176785477287,,-1.5960927255185429,0.06434817931816596,,,-4.057548492032466,0.6979446165613667,,
P010,violin,play,expert,4,36.945,0.442846460770887,0.38728644040389415,4,36.945,2.207805466946744,1.4492766602625147,2.3088991665168757,2.348842431222592,1.7862269873573984,1.3323361096520054,1.9167352161379512,2.0831931960389705,1.1883761504651291,1.1668058415003415,1.2340488213581615,0.9486777243238083,1.0878839351366705,1.9707822574882468,1.3116605146316647,1.4814485764453678,1.0960394963847948,0.5593585062293969,0.8065049273531505,0.583949357772316,0.7457378756240644,0.6033561072766027,0.5299228299956706,0.7261755833519075,0.5602756520083237,4,36.945,4.527154164314796,1.7085990190056546,9.900807069196935,4,36.945,9.5,0.3649121576349456,-4.257649329930406,-4.257649329930406,,-1.5850450558909581,0.11744856835236783,,,-3.936367731998889,1.2529076616021628,,
P011,clarinet,mime,expert,4,31.174999999999997,0.07337236138609748,0.3540823221443059,4,31.175,2.139472990533539,2.218717426170084,2.2780115533264067,1.810231870997651,2.109887100236855,2.00081125345191,1.787464148185114,1.4040964176617219,1.7350515039560315,1.780373105186534,1.0475592059653251,0.8805785854266632,1.3320670417087321,0.8915928598535312,0.9903241013830968,0.7913865488928985,0.6413358502645357,0.46849660357144196,0.8104701929080951,0.5972731651424,0.7188021813592987,0.5899131782174959,0.8676690393801096,0.5840729644252942,0.6193498086400013,4,31.175,1.747655865722488,0.5805347062684982,3.2799291570174436,4,31.175,8.25,0.2038986466170314,-5.2885319942576485,-5.598915405944828,-4.978148582570468,-1.4511186961498361,0.1353440207878481,-1.4620168218136296,0.13259081490064,-5.053306872156654,1.2759641009178468,-4.856016574996136,1.3515017421721922
P011,clarinet,play,expert,4,34.095,-0.030083685374999298,0.5893558813099135,4,34.095,1.8761145959671113,2.203766340478669,1.8548341381686644,1.694274672778493,1.9310287368814232,1.611716987235713,1.9948118269420847,1.513772749673547,1.3091859614834878,2.3765743669195043,1.3849450949866207,0.8637047122500341,1.652789645490248,0.8291857748574449,1.0938340502248445,0.823009285933055,0.6704151296115771,0.3947352526065626,0.8014482208192677,0.6452044995865166,0.7923222512926265,0.7990975063822974,0.7964787208437666,0.6643733368198241,0.6964140748665573,4,34.095,2.3076181650946834,0.5509170175741204,3.3459571277964644,4,34.095,8.0,0.23354778713065083,-6.6708215459190905,-8.058158209761617,-5.283484882076565,-1.4530076128429368,0.14164491253820793,-1.461942248358644,0.1357647255446548,-5.069881175903934,1.341187189682657,-4.762061683253587,1.4476391540583928
P012,clarinet,mime,expert,4,28.224999999999998,0.0049011489492725895,0.43509179502839773,4,28.225,1.9531779879654305,2.8737628248559526,1.3100095784691705,2.223039149774256,3.311891294913489,2.66445902200495,1.9273533087760601,1.611757065749856,1.2717687420808026,0.6621255949963158,0.8244459887141343,0.5371247115794917,0.7172584661575314,0.5620755396047143,0.6220417304159634,0.4442030576372219,0.6428039310837526,0.6106253373625787,0.720862445828022,0.5159914157095925,0.6584786665037985,0.5053069454619541,0.4286601537256201,0.30647422215604314,0.3987269449824059,4,28.225,0.7679544724750309,0.3270333251498157,3.176238603168493,4,28.225,7.75,0.20432614952014502,-7.966429869305653,-7.278906786636549,-8.653952951974755,-1.4664684735272913,0.15590917504414198,-1.4730692108308907,0.15864620362274978,-5.771495456837736,1.3359683859685387,-5.756935783239837,1.3762228966473176
P012,clarinet,play,expert,4,30.6,0.744260408692991,0.0660240826240891,4,30.6,1.9197628665254758,2.1619896825284686,1.7361288165561581,1.7244551622142865,2.513662737884742,2.4194839753639643,1.8365196594249054,1.6045386259301102,2.4044074294299222,0.8200874760993446,0.8880281306224642,1.5227820226927489,0.9201877337260412,0.8200174346439307,0.8924444462789243,0.631079969216937,1.169562076695592,0.8253509881018026,0.8170922168114363,0.8245142637919937,0.7606777749290736,0.6998963834141632,0.9205897279099342,0.6497029543570352,0.6136013096480352,4,30.6,1.6606178434303829,0.5969366000002663,3.7128945879298176,4,30.6,8.75,0.22150123930010565,-5.657152700268719,-6.417178160696098,-4.897127239841341,-1.4444847893911663,0.13124382332735549,-1.4292062695325032,0.13745439683412433,-4.744589592136743,1.4364233690842554,-4.638985752470374,1.3597073817846301
P013,clarinet,mime,novice,4,59.239999999999995,0.26743031795323474,0.2964432792449471,4,59.239999999999995,3.647620761057604,2.9751939626222343,0.8680655419033024,2.100314030707446,2.1988175257448526,2.174816426718263,1.8479582104366037,2.204206751139741,0.908783567120749,0.6915994546972852,0.7887545681834555,0.4742120500439287,0.32191044206518415,0.6828663905698038,0.5510211261842815,0.5756773745679764,0.3966393111645121,0.5326072555312097,0.46432347728653844,0.40644542143353135,0.492928636734907,0.3700665536127045,0.32826906193793604,0.27841294817014195,0.26765376951439424,4,59.239999999999995,0.585975376030482,0.26030909373769134,3.1359026707696382,4,59.239999999999995,8.25,0.232151941568283,-4.591775544095743,-5.045292369033798,-4.138258719157687,-1.549802615218967,0.14960277390525054,-1.5468172947135113,0.1508516648359346,-6.429224000161671,1.1819125203549137,-6.3981693611792405,1.1372454420951943
P013,clarinet,play,novice,4,66.72,0.18998361548811118,0.35269836455197673,4,66.72,3.6425406101009274,2.6816444412877036,0.8241732086251972,1.8240967189596644,1.9899178922946967,2.315719723020617,1.8271656054573526,2.3466775371636643,1.3625586843997817,0.8215072800496336,0.9373959786096379,0.6424405368805298,0.44757880877638606,0.6558424313145365,0.6965219805178797,0.6444672842573984,0.6612692779673168,0.6001331038861131,0.47842456827695945,0.5362384505122687,0.6099349825844331,0.46205431569003474,0.3643364873133863,0.4426943351286582,0.47802295384866383,4,66.72,0.7437901129419028,0.361739427991389,3.6541197745750975,4,66.72,8.75,0.20962634089570717,-4.163970240388429,-3.79832733976692,-4.529613141009939,-1.5129508542203909,0.15498761926598756,-1.5073375310363988,0.14844611562958765,-5.90226017174187,1.266559351129592,-5.846811717820211,1.3024106832374995
P014,violin,mime,expert,4,36.265,0.8114280913346299,0.06133847295134941,4,36.265,2.247004936925985,1.321295542272073,2.1544897341644407,1.9845959157749007,1.633459915467327,1.729344912035871,2.467763753723042,2.456997022388068,1.8536152276451148,1.2380719267384195,1.8695854478403302,1.3551905838996356,0.6496829337131015,1.0382200449939185,0.6346093104822722,0.6086396128750723,0.644566232773722,0.9701994274066261,0.8141482592164337,0.937196513738373,0.5393771551690355,0.6058344481679155,0.27338811508058075,0.37689660155966603,0.4093451280476728,4,36.265,3.6998351303671377,1.0150864202182088,6.138096136383833,4,36.265,8.5,0.3062242167244604,-5.116353086969172,-5.116353086969172,,-1.5511170332957374,0.108042589916908,,,-4.510009606622194,1.1704282747145633,,
P014,violin,play,expert,4,36.85,0.7501584954465023,0.08691295495821715,4,36.85,1.6687019360692203,1.1194098818431921,1.626512910843248,1.8385962401959794,1.4968872945442575,1.8566944997072101,2.841654161350642,2.0321295401053234,2.763860007334361,0.9206946401853492,1.611074790296227,0.9644773188801958,0.8526376009361072,0.9554446338329987,0.8470173109800786,0.6978286753549447,0.8126777037223092,1.5416776680646642,0.7395882551378875,1.0237515384890399,0.4601620972229209,0.4987728199580387,0.27724544783353083,0.6280905503829537,0.44335381428620363,4,36.85,4.551146325121101,1.532288970984994,7.943407201685801,4,36.85,7.75,0.3817977127145132,-5.090343723992902,-5.090343723992902,,-1.5506376316739288,0.09282149723228883,,,-4.280136557107787,0.920848189805765,,
P015,clarinet,mime,competent,4,23.73,0.3199508392579254,0.14325846061739989,4,23.73,3.1916313894879793,3.927337361972598,0.6768672039337027,1.410672839303862,2.5801861695788673,1.7247252626719627,1.650657068973,1.193548865795514,1.3352028251780035,0.5701309770209576,0.9044200918079373,0.5558701507093322,0.4179068726893446,0.6333545502630014,0.5130793405028622,0.6308166904952024,0.7151870905267325,0.5780322083714421,0.6110384851172174,0.5297402618544855,0.5096025116913301,0.36073375704668137,0.2585330109893483,0.3872884417735055,0.4468560103488365,4,23.73,0.5787466626103152,0.361981893135569,2.6110947345830193,4,23.73,9.0,0.21684313727929885,-4.94933231858477,-4.477908627916077,-5.420756009253463,-1.4946339197410374,0.1476968493434732,-1.5035292439276473,0.1403483026811398,-5.825806447382734,1.1646763101922712,-5.955312313510801,1.2135190896227737
P015,clarinet,play,competent,4,25.069999999999997,0.7895097645462242,0.11713512868380577,4,25.07,2.099549167632899,3.0108439980177635,0.5652740564318018,1.1037511378251743,1.8186779957155004,1.6123377938884476,2.5710071178551974,1.3582772077567449,2.52900443296588,1.0925246179746833,1.1534800757923882,1.011536885819364,1.084730872604021,1.0157157261457885,1.0868697785682253,0.8298590261920161,0.9473892419597117,0.8507772910540028,0.5150338207791483,1.253788500946441,0.6265371147690222,0.5682826331099418,0.6015729121984607,0.6557995309192277,0.704645342042445,4,25.07,3.3531245396549325,0.9040866573067668,4.695902656103368,4,25.07,9.25,0.25903126148149686,-5.951130690231389,-5.701492524749815,-6.200768855712964,-1.4353264265171835,0.12729269984969713,-1.4461497348232277,0.13589123596238908,-4.792979099918029,1.3446091239440738,-4.904985283598161,1.3374529518236555
P016,clarinet,mime,novice,4,31.255,-0.07105266179732483,0.46466887797713163,4,31.255,2.709272898958164,1.608041735549316,1.1635360520954103,1.9955868541324162,1.947646834076207,1.0689439347277305,2.121649150777524,2.4411116755051077,1.6046976370025514,0.9920391558286988,1.2225270671615391,0.8391265748412022,1.014194907519076,0.8183138976763102,0.7973175774421126,0.893813964305216,0.8479021744586355,0.8484898076913381,1.369869005404266,0.6062286428617271,0.9735455111854752,0.758075961319471,0.5394482262525289,0.32204080683406905,0.40760197003692467,4,31.255,2.3528122391684776,0.773343852281426,6.90238300920935,4,31.255,9.0,0.285142913263878,-9.023604047862209,-7.614047819971869,-10.433160275752549,-1.4557842395488756,0.15774161907619552,-1.4365880211579838,0.15370092369290067,-5.488660184947232,1.2974095904140752,-5.405606258249968,1.3677660651366477
P016,clarinet,play,novice,4,31.84,0.23155265075656958,0.21829456815069728,4,31.84,2.202301338809432,3.141882880824653,1.032657790055099,1.5382560537846208,1.9893131498126448,0.9312095159419232,1.5514571466824163,1.9485696887892692,1.6287692372163378,1.014932169285524,1.010084438752808,1.5007522577870107,0.9027835405703433,0.8869490892775557,1.023399916884388,1.0882264012716867,1.0804808676526187,0.815228761663466,0.5996225684080898,0.8248679934083197,0.5827258146237967,0.8357064378737078,0.6475698755879029,0.5205588598502038,0.42048256783069415,4,31.84,3.6415307322277464,0.8463733368130463,6.5183375136105415,4,31.84,10.0,0.19758345462977697,-8.364268992147355,-7.4558149816804775,-9.272723002614235,-1.4393439197024298,0.15131991706677483,-1.431739335195636,0.15156511723948018,-5.357639708418642,1.3059157411017615,-5.360832918302972,1.3338079479465426
P017,clarinet,mime,competent,4,29.56,0.39979771082460575,0.26911260714060364,4,29.560000000000002,4.759622675763871,1.9116667151444073,1.5507525208782702,2.1906045018813045,0.6554496626503789,1.2597646849766517,0.9940290308983895,0.7416165044969891,1.1494231662888286,0.7495096273353997,1.2404014916335075,1.2033577049022997,0.8536443749002499,1.2754396864981647,0.7893908930851545,1.5288547347532115,0.9032518006698247,0.40396296528173087,0.393604171410518,0.49069316196332086,0.4268283503027738,0.48415649790657067,0.3361205457523912,0.2733520534380237,0.41420342684974526,4,29.560000000000002,1.692507836524347,0.5651233049870338,5.0654198050327945,4,29.560000000000002,7.25,0.2711720583461136,-8.130920055868605,-11.168308219333348,-5.0935318924038615,-1.4295330798569277,0.14229095017789178,-1.4655240283324995,0.13354303690001557,-5.047202912788862,1.2791985680147742,-4.919194741254598,1.3329621649019818
P017,clarinet,play,competent,4,28.455,0.5615891146942011,0.15959355460497673,4,28.455,2.828863427973012,2.0887808030807706,1.0998923786786263,1.7465378919024332,0.8635562936269321,1.3597779635598204,1.4517363207633136,0.9624219980634067,1.4335459214924104,1.229530004687121,1.496223908406398,1.1232102890069084,0.8904394562240248,0.9270005149492069,1.195929150671807,2.068487762338866,1.156386777016632,0.658880767974461,0.5092491302901201,0.8601377823596053,0.7089555577137394,0.8097474735269563,0.6246694148676829,0.67667110943055,0.9846287668614786,4,28.455,3.215286227856419,1.4831076419228044,5.355433382528523,4,28.455,7.0,0.33252263031628304,-7.414167556739017,-10.488068644648738,-4.340266468829296,-1.4161984233259504,0.1383794383541775,-1.4625076114298774,0.1226798711216478,-5.028906649975131,1.3522934833310976,-4.4675872352199715,1.396933623045928
P018,clarinet,mime,advanced_beginner,4,30.82,0.21883665593703427,0.2052264429371296,4,30.82,2.824705818409847,3.706022896607582,0.7312576345077056,2.0994758590443583,2.2426708177503163,2.404737919111988,1.5597549520950853,1.7675451467408814,0.7720939534343726,0.8050693870692227,0.9981499444777302,0.38711767111324513,0.4638502506455706,0.4686773935834199,0.4118320539086707,0.5605679001169537,0.4424555656632988,0.26911490986292297,0.3692857053435648,0.2601045232172194,0.4228032009240106,0.2796753834804099,0.24039473147754015,0.23815979946928176,0.23848137119910495,4,30.82,0.6588878041767885,0.2930526010225806,3.4392082310658756,4,30.82,7.0,0.3427497429856118,-9.057283887825317,-11.873735741627147,-6.240832034023487,-1.4490495216947723,0.17712062058481515,-1.533609385136642,0.1547409520711353,-5.829678269238481,1.3524816463989693,-6.190855519560333,1.2940626739189032
P018,clarinet,play,advanced_beginner,4,39.465,0.35479562770399714,0.26950906958318205,4,39.465,1.9764840521417892,4.0556893250608335,0.6444995805105451,1.47710408325997,3.6569044172610057,1.557481397710252,1.6062492103604098,1.8880238836520435,0.9129937285905259,0.563566898060166,0.725245675810991,0.5209606592962664,0.5404381963986676,0.5020100179520278,0.4310534427994213,0.431620025649295,0.5496633103013381,0.20773685257264893,0.3460777126895662,0.24064629355902264,0.3635635831445377,0.2611226035410465,0.2134912036343118,0.22174692741241725,0.23851893539693408,4,39.465,1.3140264561140682,0.47785606273539993,5.705135232691819,4,39.465,8.0,0.27752485063799515,-7.524009484100255,-10.032777181609472,-5.015241786591039,-1.4381765725211004,0.1527007346814812,-1.4986322418232803,0.13766133930865312,-5.516276403113771,1.3130833762961918,-5.507149174055655,1.4098155700148185
P019,clarinet,mime,novice,4,23.275,0.13261033304292194,0.3973648311701245,4,23.275,2.023199920149935,2.983020035077949,1.505987405979065,2.2178619003431286,2.0672704283459025,1.7186038634349494,1.420254127412732,1.9360562075916852,1.1312817903029804,1.5225625998863836,1.0844234485975897,0.837630600316727,1.32793069521562,0.8931889535533386,1.0214860732577604,0.5597408219452589,0.8479149181952165,0.3424732675480363,0.8305648705474715,0.6607395480749219,0.7237439136164252,0.6961808691183832,0.669490372517036,0.5965354153912188,0.4474579131429576,4,23.275,1.7627520585073613,0.4778618287446792,3.6061866235457325,4,23.275,8.5,0.2358500107782818,-6.951079666656147,-7.80648073720484,-6.095678596107455,-1.4650325938345912,0.13779157173852447,-1.4806371577694597,0.1425466107602745,-5.538289946327921,1.284080177171907,-5.58145216407047,1.347695014217513
P019,clarinet,play,novice,4,29.66,0.027954652563103848,0.4457246887099768,4,29.66,3.160302180004037,2.5280315605221952,1.2695151371737476,1.5982889460527505,1.797210157937529,1.5983695096512,1.4709308899817066,1.8810261013563716,1.0700324542716415,1.7789863921564306,0.9585503545863593,0.8194980741304583,1.2170502246540575,0.8465934379222321,1.1916783612919806,0.720519253933261,1.043683038259446,0.4420266813977926,0.6947228891495838,0.6314552098603822,0.7014076866445549,0.6016019245370097,0.5115350964176884,0.36560657480463776,0.5166358346970576,4,29.66,1.8562655924123332,0.5205176243580143,3.959889478911608,4,29.66,8.75,0.22631036276299055,-5.997867399745707,-6.848043548641126,-5.147691250850288,-1.4712773017496548,0.13947858043932593,-1.4741540098629016,0.15220221549965965,-5.436821257104961,1.2374413229116146,-5.3300527845646855,1.3242894833154977
P020,violin,mime,novice,4,28.175,0.4704341419945168,0.14682109187566253,4,28.175,1.803263331931639,2.16120187651891,1.900950178478158,2.1611791694542735,1.9059610490885532,1.8837934669054293,1.3214704686608472,2.388715354776402,1.0966164066974748,1.4744476367580115,2.317725435032633,0.8693330010607356,0.6707953410509331,1.0356145726414083,1.2823296866939333,0.6458822349412604,1.6471845746115188,0.6657075848575613,1.6235168626011174,0.5911137360130283,0.8418491019237822,0.5141215181335146,0.3589728922662622,0.23673828902437646,0.40012945115978465,4,28.175,0.9837357556810513,0.38819501528673883,4.4433972929613965,4,28.175,8.75,0.2570832106727919,-4.252943115367184,-4.252943115367184,,-1.5572718288803877,0.10061210974957391,,,-4.568190082657254,1.1491388275245622,,
P020,violin,play,novice,4,31.31,0.7136335826312071,0.10296253675487053,4,31.31,2.0923113826448505,2.199211602625831,1.660543684486187,2.222685750516518,1.8876723065826833,1.810495671403994,1.3302055834735218,2.2362823129716727,1.1951065315229243,1.5356736973489855,2.5829263251534194,0.881436796811086,0.6976161225738868,1.1752834853712697,1.3881258179154332,0.6568563964941331,1.3444487269971972,0.7836817459126793,1.2576787508296807,0.6900772850447103,0.6548905517290528,0.38819076406420117,0.2804409508802399,0.3384407400170793,0.3605642632483104,4,31.31,1.3690418672532134,0.4704670081387221,5.420111626682996,4,31.31,8.75,0.26753310564366606,-3.8164863250758434,-3.8164863250758434,,-1.5459246605602044,0.09739387916926565,,,-4.458535098962361,1.0881499119769211,,
P021,clarinet,mime,advanced_beginner,4,24.105,0.2595319041811867,0.11331374502436777,4,24.105,2.5154159380466936,2.172219293458043,1.8048331141738028,2.657231231225494,2.2574967127766135,2.5585146234594616,1.50776334515065,1.8807390316560952,1.004986900905537,0.9765326224627204,1.1933693770624219,0.5603418857926468,0.6688924053756335,0.8224903107085597,0.7577165665645976,1.2105584722609088,0.5181542766028706,0.502627493712273,0.6019499247753853,0.48595959670032,0.4670506984275159,0.3621506061221963,0.31258395793919247,0.3100724417952047,0.37669475773886835,4,24.105,0.9454382858177233,0.42488854788340386,4.1294670798973865,4,24.105,8.5,0.25138657662432257,-8.039567482935034,-7.914007028898059,-8.165127936972008,-1.4492138084015425,0.15173361198054017,-1.4531517414892838,0.1475552197209172,-5.361914872772168,1.3411864817537822,-5.588632002679253,1.28681071089271
P021,clarinet,play,advanced_beginner,4,27.055,0.17746313643799497,0.29169048087354915,4,27.055,3.457192332147106,1.9697442349432106,1.6614305104270286,2.594287614051541,1.6041535382814065,1.966156375187889,1.6152133264582864,1.7928714866621054,1.2683272228330944,1.2859930843781222,1.185029618160943,0.7562906891084,0.7792814674126061,0.8634702635261288,0.7133693516469468,0.9989492394463928,0.6303759204108385,0.718744813627467,0.698931518428173,0.6005824686158534,0.6156388508106597,0.5741345977929415,0.42118126089053914,0.6393697864080503,0.7110832837440793,4,27.055,2.161399252357474,0.5447772815302401,4.8253287011394335,4,27.055,8.25,0.2599827823273444,-6.497086043920613,-7.449297292187918,-5.544874795653309,-1.4189218793285934,0.14689340531803552,-1.444176095780385,0.1466277254142962,-5.259551156363948,1.2640262196064247,-5.217442812314218,1.3724340421096322
P022,clarinet,mime,novice,4,19.795,0.44535206054638304,0.1740669381714382,4,19.795,3.4605707156087653,2.2212384132901684,1.880691929684826,2.1996720078461554,2.0061981521714327,2.0528287893558708,1.6417699114256619,1.6991684604036283,0.8179175343083865,1.3809425922994314,1.459193109315199,0.6158887246096922,1.0985537158582621,0.5092001436128551,0.7724290864906721,0.42219781021503167,0.6087322588651085,0.292268374284295,0.5855281531218212,0.33418974139039936,0.5605819080569612,0.46117023561861825,0.38135926520096963,0.4649876758361747,0.3126992261451893,4,19.795,1.1199551031076953,0.3539564925320552,3.298621149918895,4,19.795,8.0,0.22749253656847002,-6.837188045587239,-6.414882344214162,-7.259493746960317,-1.4923655261130437,0.15947588884968728,-1.497559596277514,0.15116699306794404,-6.034045791455894,1.1794858597816136,-5.92376584011633,1.258778736519277
P022,clarinet,play,novice,4,21.814999999999998,0.40448813292057423,0.1424922131974101,4,21.814999999999998,4.0675330890870605,2.1814955332847648,1.6090526602487867,1.9493235615661393,2.0058846940641595,1.5566153341763511,1.6347229759960358,1.8492916530017989,0.6929008170934323,1.2423427374035785,0.9528064419616991,0.8517583379762887,1.045346301278157,0.7181546428251461,0.9601149392788533,0.5013609558279342,0.5962557432741291,0.3004529861522333,0.45881130570079004,0.519909707078337,0.5463033384939818,0.363450993966563,0.27626869783179164,0.4322105490882201,0.48751532413059473,4,21.814999999999998,1.3628705723232084,0.36086435108399234,3.2568212601531776,4,21.814999999999998,8.0,0.2618766570815756,-6.313190345683184,-6.559032608370567,-6.0673480829958,-1.4547859385311614,0.14706538780591305,-1.4925660357433048,0.1385794694806139,-5.644644952010654,1.350293416725017,-5.761217639326716,1.2112403202149107
P023,clarinet,mime,advanced_beginner,4,28.185,0.23597526946179323,0.32442038444258786,4,28.185000000000002,4.503249016427828,2.1373850629659596,0.9594131385201368,2.0659388431639565,1.4219878839553808,1.1783646322710635,1.5433653031971415,1.3019548810741726,0.7873829752394499,1.2057897856740822,1.0952286505381323,0.8297740522404359,1.08803272863133,0.9861021206459206,0.9221897453080777,0.9225481737925064,0.5110473676257113,0.316570754465982,0.48302129443186625,0.34094253462428215,0.5001826564591774,0.36119135696531546,0.4214009836698448,0.4527680376260164,0.5066987359644526,4,28.185000000000002,1.5058694534252681,0.3820906798990341,3.764140628400133,4,28.185000000000002,8.25,0.24056939030468977,-6.476214675498902,-7.467663846114143,-5.48476550488366,-1.457549153037292,0.15822913580871206,-1.5024350140940967,0.15512173663508916,-5.718687287148237,1.2943663786101727,-5.839611329692209,1.3038211346690693
P023,clarinet,play,advanced_beginner,4,31.48,0.49638949986984127,0.2961598675208016,4,31.479999999999997,3.6571241329470436,1.7012913608682574,1.4644504134439535,2.8348715414574137,2.1160348405497627,1.4488083898127253,1.4853842292243844,1.3001662392882145,1.3063028536869263,1.0276861771125174,1.5914369035624623,1.4573058632304596,0.6192372706661253,0.9561794353232118,0.7820472198226494,0.7236461664319518,0.7714088992570463,0.32225429010541307,0.44080331094772485,0.43271590560347567,0.4910345456554903,0.6838077636036562,0.7134488019819192,0.36809117764865285,0.4274090427192969,4,31.479999999999997,1.8372429451595984,0.42046628045497497,4.224241414506495,4,31.479999999999997,8.25,0.2379374248257533,-6.171682582707241,-6.085111806686873,-6.258253358727609,-1.434828182795919,0.14337138779167308,-1.4601208974364137,0.14898464157554922,-5.29283838162878,1.3191604066698686,-5.434263797680647,1.322757973683459
P024,clarinet,mime,novice,4,31.725,0.34561560247432555,0.17632561941994285,4,31.725,3.0737107771348984,3.9668588823677196,1.5421516523424836,1.9733266015494597,2.0084448075312418,1.5285081630043984,1.5152237468480187,1.574930953875164,1.3507037912907955,0.8230628064934293,1.2920436555938717,0.7582496533951522,0.6119237079830533,0.7075173367718274,0.7299941885969357,0.41948665113159356,0.4945586799711049,0.5330929814219059,0.48280940222706714,0.5400347635949347,0.5894615283944583,0.3813517700752481,0.251310082308005,0.4264456965419075,0.4728498493843186,4,31.725,0.7121142645586723,0.40342479950158106,3.087452229994457,4,31.725,8.25,0.22866474467167472,-6.802246095605561,-6.0563558206892685,-7.5481363705218545,-1.4978612957787683,0.1538146646332055,-1.4727932779809882,0.15433289410792636,-5.88290653826748,1.1762177266055778,-5.787164032016198,1.2918235011977335
P024,clarinet,play,novice,4,30.235,0.6074951844409922,0.18758061244423005,4,30.235,2.6017021217165457,3.673910204850872,1.572841673790352,1.7386048578386755,2.4853214690229,1.7277155429995692,1.4225264164217029,1.733556237245348,1.8097676377805771,0.9300318078899472,1.064844327710944,0.8579274995701602,0.7436168343890711,0.7268977814151855,0.8539753262964234,0.6265502944690244,0.5687943650676895,0.5060983647856746,0.5531000740360636,0.6113522741519062,0.6090336879734204,0.43207971563080055,0.3891584854140213,0.523123512101529,0.6447783419346128,4,30.235,0.9816073506296239,0.5321489587650546,3.519713240981119,4,30.235,8.5,0.22013418017675734,-6.424227918429563,-5.538407652912664,-7.310048183946462,-1.4669207902342032,0.14129216809959244,-1.4472297963632679,0.1440190475762397,-5.219531541464459,1.3112944480201274,-5.21891424802239,1.3015448800167273
P025,clarinet,mime,novice,4,30.235,0.2011458812452377,0.12231685380013486,4,30.235,2.8322802831327247,3.274771489535181,0.7027971921364461,2.045229776057836,1.3933247107039193,1.1227605413766968,1.9169156584074667,1.9186612983544291,2.105645167649592,0.8382405658994111,0.9198615982152927,0.44663345558370643,0.5418339246772078,0.8189730095799752,0.435927300358742,0.6840707017493253,0.5664286635323355,1.2833399410280875,0.5242004575767814,0.6240167988669509,0.6081740260199938,0.6216053304209754,0.9011664647878573,0.587472648404444,0.36446187144235137,4,30.235,0.9643793218587723,0.34746392711455687,2.90981119214708,4,30.235,5.25,0.5452554703655808,-5.163755854357414,-4.8232583823936075,-5.504253326321221,-1.5022303235071914,0.14356011142490388,-1.5118988697571096,0.14575084753495024,-5.912747384939761,1.1366609766352558,-6.168976744757286,1.2199555300903935
P025,clarinet,play,novice,4,29.35,0.35968992383413706,0.18163689636355507,4,29.35,3.0615522397113066,3.2838631444070034,0.6617744504859078,2.1054556155607904,1.2659494581600894,1.3478257129318532,1.315966302247301,1.1800471157236712,1.835677857256748,0.8252569305533963,0.9105573115261196,0.5585233876638589,0.5760462567101738,0.6988291671930399,0.44830214499468357,0.6262830648880042,0.763255050619523,0.901844435710771,0.8039077210530672,0.6699713965981555,0.8378581308606939,0.5110563904206348,0.8320730300084995,0.6628192881697432,0.4476727530303859,4,29.35,0.900260652694965,0.3563341336310391,2.681569295578878,4,29.35,6.25,0.5209925728565802,-6.370715955222769,-6.813411578168187,-5.928020332277351,-1.484612126588641,0.1445160077559804,-1.5054070309465848,0.1549418544646897,-5.627681177476644,1.3313964517515617,-5.823141642833112,1.2853291668886817
P026,violin,mime,expert,4,37.94,0.7862155725537571,0.17649627671120902,4,37.94,2.9963256087333408,1.0701703242349114,2.8551327773887043,3.029427450440997,1.4330259968624421,2.4329505647524594,1.2073170311959256,1.1241920412921644,1.279553084483102,0.9978688671031148,1.5704544788741621,1.3294818342377503,0.8788989506887808,0.9435301895211913,0.886775518983088,0.7369198957364631,0.8986299559135192,0.6255072266037532,0.6192166931422672,0.6361831561286662,0.6024354601760107,0.489731220622729,0.3917273957208507,0.4453832662308187,0.3857324670040885,4,37.94,3.4458540642359656,0.8294949716740815,9.002012502895003,4,37.94,8.25,0.3850712077547353,-5.300652268627054,-5.300652268627054,,-1.5715606439694563,0.09907983386170217,,,-4.1784187658532534,1.111532261668593,,
P026,violin,play,expert,4,39.339999999999996,0.6967213179038452,0.1872369644362845,4,39.34,2.389414355945528,1.3233518996708562,2.8606750891281414,2.1320556219348066,1.1609662576161708,2.062245988691817,1.5564386088829991,1.1546921825209706,1.6555452973514506,1.4307533985899996,1.505299319845172,1.7201814533365245,1.3613157611242137,1.3394870786539748,1.3013089391432677,0.7798558891725944,1.1698494378355928,0.8301501469584149,0.715130235677173,0.7089259333203178,0.688196505851232,0.6236950258886176,0.5736528319788947,0.6204580356875622,0.5115072368205545,4,39.34,4.660283479330508,1.0532392465437184,8.585906763173904,4,39.34,9.0,0.353331311692415,-4.928399033568925,-4.928399033568925,,-1.5670787640790131,0.10600426668960922,,,-4.348111221546173,1.0879140292978349,,
P027,violin,mime,advanced_beginner,4,60.730000000000004,0.9182550188079697,0.01844636491321795,4,60.73,3.2091319749830856,1.8400588582483561,2.515376621384345,3.2437015581610495,1.3345386535574568,2.228064576441223,1.2116159627867256,1.2779488349146821,1.1300962967186354,1.012325582011827,1.432967090293651,1.1782317383604997,0.5182301556075547,1.1264016684738445,0.5595543939087634,0.8470589096700044,0.6015919286033832,0.7700503062934569,0.5793703732193757,0.7155842997779156,0.5347110272052565,0.5273924741391165,0.5389142751111842,0.2820872566670835,0.3663588538145322,4,60.73,2.548546239565986,0.8023198581075698,7.096970339804588,4,60.73,8.25,0.38772398962203125,-4.526735041011286,-4.526735041011286,,-1.54841337970241,0.1069648814332069,,,-4.3626291663693175,1.0573571668304873,,
P027,violin,play,advanced_beginner,4,52.82,0.5032650887123472,0.31636016342285866,4,52.82,2.9177373987275974,1.515489956980303,2.900360830558812,2.6821582994857724,1.2088999345735654,2.1005506318696785,1.3511653617047275,1.4185007167856518,1.093517894794687,1.217361974471216,1.7872329018434845,1.3725593638856692,0.7077373633202213,1.3557609388032228,0.6732393560157754,0.8715179514006859,0.7844754108368633,0.870156199082628,0.5916124230688663,0.8828950390483976,0.5655920114319375,0.8061369730962021,0.655751351040682,0.33765252952745994,0.47706039471795875,4,52.82,3.618216053119661,0.8992130459799442,7.597967906475628,4,52.82,8.0,0.3929332057046408,-4.989666455569025,-4.989666455569025,,-1.5487812569719734,0.1088324231036562,,,-4.438714678931556,1.1695851182939583,,
P028,violin,mime,advanced_beginner,4,55.025000000000006,0.6736389496538848,0.18077737975108138,4,55.025000000000006,2.7406428799844447,2.529518410472977,4.159252464328311,1.9534727611022573,1.285686962648627,1.7030151898687476,1.0642499934407554,1.4191160007710157,0.9623164997610968,1.0633551941731496,1.2255128276954204,0.7517950586407112,0.5267988741050764,0.6997413509133683,0.5427544673047894,0.8201341397604665,0.6604867068674265,0.6705818192511463,0.5891665874251946,0.5236320982312817,0.49807166316287077,0.3573789475390725,0.3261440637673011,0.3553245180275145,0.27972156807982046,4,55.025000000000006,1.7945380853459927,0.802349860465559,7.891968771192046,4,55.025000000000006,8.0,0.5574313849920977,-4.462917492392882,-4.462917492392882,,-1.545405634874823,0.10244167198895172,,,-4.718229716614812,1.0576001367292178,,
P028,violin,play,advanced_beginner,4,56.894999999999996,0.8332931234285949,0.06530446333848199,4,56.894999999999996,2.923896590187937,2.133854386551623,3.9075134810061964,2.1926494718663956,1.2611867728144839,1.9405031945260163,1.1422830775736121,1.1998838882380463,1.2093532019697668,0.8984194776461238,1.3382504502899004,0.7838168391654438,0.4060731038577849,0.7229746628205219,0.5514976643075943,1.0034734523937412,0.7887845598560131,1.0138405838387592,0.7634512750841513,0.5988930353729309,0.579412974440698,0.41117462485553113,0.34329584092687443,0.2859968344764806,0.28996768029905595,4,56.894999999999996,1.6974837352410863,0.7111153147777534,7.886040121341216,4,56.894999999999996,8.5,0.4943615574042278,-4.181291594117665,-4.181291594117665,,-1.5421626764751448,0.1055975093970926,,,-4.657137299409765,1.0420110167419843,,
P029,violin,mime,novice,4,32.96,0.5433353259814662,0.09403931636460303,4,32.96,2.1637676952444513,3.295545922685376,3.036652207546238,2.8881252299380273,1.2694351290242825,1.0540229415229934,1.1873387499177979,1.269358737825453,1.397726743047985,1.0186396801185902,1.5177597946023358,0.6978119434932258,0.8389139457012792,0.6322071911556686,0.6552614640726627,0.5672160755492385,0.6655073099376665,0.9553964191503912,0.5665975402033314,0.5578297844979517,0.6436724296496393,0.5920512112430041,0.5286972333949869,0.34596157462016214,0.4072624153365161,4,32.96,2.9040347204431924,0.8196877280619412,8.950339242723768,4,32.96,7.5,0.4703293932792372,-6.589495004608464,-6.589495004608464,,-1.5183135590175987,0.10730903831775855,,,-5.070044777041305,1.0518643924884432,,
P029,violin,play,novice,4,38.31,0.5056004610511893,0.10902266916775091,4,38.31,2.5259328983444433,1.1980280601915247,2.7692078304037007,3.7917486670208724,0.9558954279600951,1.8881904031141743,1.3871006695900896,1.183316459192811,1.3505788888641368,1.3821540087938673,1.936951437963043,0.7414257216620332,0.753154659073485,0.7899672634934719,0.4884806000325198,0.5814051647738673,0.6213859493922977,0.7000138851868836,0.5236791993282358,0.5385679984696327,0.6054125072670248,0.5809904960736607,0.5959323910581228,0.379303811748496,0.3150736270730497,4,38.31,2.675890087951781,0.8194581853558623,8.764401738509273,4,38.31,7.25,0.45332775815532245,-5.7479131405128125,-5.7479131405128125,,-1.5290658313731447,0.11501591012225143,,,-5.212625047816527,1.068990318358306,,
P030,violin,mime,novice,4,21.535,0.45158585426451864,0.17775547844762424,4,21.535,3.7977212384063774,2.103761693671911,1.765072714326511,1.9919978969913057,2.6017977939804355,1.4260262151338408,1.2296016316961316,1.533730884627509,1.231250273128743,0.8622361187158898,1.2640193645071793,0.9734998698589352,0.42440387407441904,0.9716724977280219,0.5072180743982976,0.8799243060543241,0.9028264476195871,0.879040888753157,0.6700904941560355,0.6154337700248382,0.7889215578960922,0.4087308293817185,0.27529612604137366,0.4233053403432083,0.4941333100229669,4,21.535,1.22949440042941,0.8765039032639312,6.799189822405405,4,21.535,9.25,0.31619277956723396,-4.807748890967126,-4.807748890967126,,-1.532801225357554,0.11529100676095799,,,-5.167081481387628,1.0190603680160812,,
P030,violin,play,novice,4,24.18,0.3287439018290998,0.36692176027696455,4,24.18,2.5573727196958647,2.2540860324133387,2.3073054728584648,1.6985409678634402,2.3766981507942653,1.3822972270869571,1.6109776762544934,2.1023405389665406,1.1238763286177715,1.000774961123654,1.3946568449831207,1.1828687398797113,0.7014395306765844,0.9675386816578384,0.9685027194707184,0.8815814730072188,0.7549877473828257,0.9251890677943819,0.6994589359942103,0.7588730792906944,0.7195976840325244,0.5569938307843285,0.3098993262053908,0.4046594162093905,0.42195057072855824,4,24.18,2.5119887074435274,0.8169723809060996,6.969318693998105,4,24.18,9.0,0.38192705418743683,-4.579096074808948,-4.579096074808948,,-1.5231239737119482,0.10740342299162348,,,-5.213128586685936,0.9994939019052058,,
P031,violin,mime,advanced_beginner,4,51.055,0.8969226389014072,0.042944300589137015,4,51.055,2.88858227898874,1.920645950203169,4.116418817749681,1.9511524262331132,1.3497114306255638,1.9034814182710484,1.4363863669305958,1.560774910862224,0.8440998236970676,1.186720970081459,1.2820204239702744,0.7725098524863547,0.6828413213276469,0.7406513175087444,0.5282177289675032,0.8185293597070903,0.6286673849050061,0.3761710619220848,0.5952971471126014,0.40071065736607175,0.5304622941295289,0.4263818470495521,0.4045223874230056,0.4028612347478847,0.2790924805926076,4,51.055,2.1056758710330334,0.7857348224197043,7.49141468621967,4,51.055,8.0,0.46076976571872247,-4.782076279015389,-4.782076279015389,,-1.5302918738759583,0.09878593295111043,,,-4.429461592967619,1.0743007776981202,,
P031,violin,play,advanced_beginner,4,54.575,0.8708444482871166,0.03919654204570443,4,54.575,2.9838613198732094,1.6770207879829426,3.313445431149039,2.1906940363589222,1.166296645125092,2.2865646570815334,1.5654756716284401,1.6718683116651953,1.3228945929975517,1.2183614652358683,1.3054155940812107,1.0697118879023815,0.8743005848560745,1.1143590797356944,0.7332136030245082,0.8428511639307497,0.7951123453526172,0.5475079532516567,0.7977104484007589,0.5085294581923554,0.7010222166411906,0.5161820662395751,0.3935791749560956,0.49518258815852884,0.3463450085549149,4,54.575,2.579631436483686,0.6720694365256622,6.350842173711202,4,54.575,8.0,0.33343432179182075,-5.15746074967451,-5.15746074967451,,-1.5401773909023295,0.10482511869150635,,,-4.513430439394813,1.0890218233492948,,
P033,violin,mime,advanced_beginner,4,58.035000000000004,0.8987889399295108,0.020579818511271306,4,58.035000000000004,4.05595162208529,1.095830220617646,2.7074766860966544,2.438088104365208,1.293110422581197,2.5102464742848407,1.1715069248068988,1.0455075413016623,1.3864073528060423,0.8416532688436532,1.1306985671472973,0.8880413160558354,0.5538335203770486,0.8715355856587617,0.5520575229053444,0.9909846258298658,0.6395122446935015,0.7119128401462798,0.6396994597618291,0.49200316021747514,0.6247021120384936,0.7049588768465007,0.6970428677981222,0.34142274523675764,0.4064356877940207,4,58.035000000000004,2.018068662525428,0.6452086616438439,6.1217955140760765,4,58.035000000000004,8.75,0.34029788066168426,-5.622890449337607,-5.622890449337607,,-1.5594547080939274,0.1006289301028892,,,-4.416171387299739,1.2012429680760954,,
P033,violin,play,advanced_beginner,4,61.614999999999995,0.914865343177655,0.038603023615146684,4,61.615,3.4805398282492486,1.015936499918992,2.7376338390799995,1.9687334258228504,1.397147885129312,2.621147280555646,1.3146612320500295,1.0724824789021468,1.8476770370333029,1.1232783401527615,1.3411128985656453,1.1070206143460177,0.7443006348823906,1.0511801924667266,0.6155613615966405,1.1858140251883593,0.6977300936000106,0.8317312242297268,0.6161813490241248,0.6828029848829521,0.6589707471234466,0.8658885479660562,0.7842287826454869,0.45245807098392576,0.4756193257039116,4,61.615,2.8583911528902783,0.7256475204140674,6.670952079958253,4,61.615,9.0,0.3509200372009828,-4.90018284266665,-4.90018284266665,,-1.5652502937579986,0.09641853671383033,,,-4.387772134833426,1.0850944935894622,,
P034,clarinet,mime,competent,4,27.319999999999997,0.8780794669161814,0.04388602351447209,4,27.32,2.551380485375022,2.1023507590708164,2.3579290691856145,2.4587828962786427,1.8005200799621954,1.707935141483706,1.9541517148578147,1.4691663297727684,2.14243252571905,1.1753519410591622,0.9665440772863587,1.1405806761410902,0.9069706397730751,1.035971530994591,1.261768493906068,0.47233534774233144,0.8566359666276211,0.5265873980550267,0.6132171010827336,0.7027000877445139,0.5233530422684959,0.58517905927725,0.36576704774728497,0.6893594034727384,0.7006069440131482,4,27.32,3.87865195078121,1.0365685295526899,6.349890720477617,4,27.32,8.0,0.3516684070232287,-6.006850017324476,-5.96986848095858,-6.043831553690374,-1.426675084627596,0.13470320152992696,-1.451508334403249,0.1225842720046883,-4.677532051364147,1.3286536677920955,-4.411134593153962,1.428783549779661
P034,clarinet,play,competent,4,26.77,0.9535878621792667,0.013274803563156379,4,26.77,1.8337905939169812,2.045442680480515,2.6450402602035035,2.2103386619157335,1.6996485500137952,1.2501604947897844,2.0551903122980835,1.4261788213175302,2.514867765733239,1.4497163638277013,1.2916936944806607,1.5798682933596917,0.8234176949763405,1.1550748597141065,1.1973038000311587,0.5228265827138708,0.8502307814107386,0.6655039512224966,0.6050768220579029,0.8574929689107875,0.6075440929132734,0.6510863557229762,0.4420811207236367,0.6855493097813454,0.6952451521760152,4,26.77,3.648087511549539,1.1042363874277368,5.992769838935583,4,26.77,7.75,0.43377158905739577,-6.664919817081995,-6.730264071899551,-6.599575562264439,-1.424644412009492,0.12441048672165057,-1.4507334492694435,0.1206001360956709,-4.472632453374233,1.2833547813810169,-4.012205052308994,1.4315525907328102
P035,clarinet,mime,novice,4,29.794999999999998,-0.03737921781816069,0.41700036335473173,4,29.795,2.463364588300769,0.9189508101063153,2.8628039657335385,2.019229015433155,1.5885386699729889,2.1176256214246822,1.3958926403347511,1.685517985733684,2.15712696463822,1.4391403420647475,1.7172057205607514,1.1009160835762135,0.9996805495102377,1.0955069980767593,1.0380592231528116,0.9718483332899295,0.9996450610553049,0.8023643990710199,0.9192252867793038,0.5762402768767358,0.7212713004877149,0.5136787662349749,0.4711300642249749,0.48570317070582925,0.44382751032639645,4,29.795,2.60105666616769,0.9645827848560706,6.795429755167091,4,29.795,7.0,0.3823657647156483,-4.39200556981967,-4.95001630761916,-3.833994832020181,-1.4703906522376469,0.11497729290130172,-1.4501223439024749,0.12872401654375998,-3.6174468487700615,1.4490167495778206,-4.556776089582042,1.381149974100872
P035,clarinet,play,novice,4,30.77,0.47433249582831527,0.27291701479142505,4,30.77,2.608435188894278,0.9479705779155942,2.6979240822167982,2.1877405322817505,1.3985034482073524,2.2445336914480953,1.416079245921244,1.4916063683417653,2.176882424346152,1.4128860070040221,1.6460799302073073,0.9585225398153235,1.3638076299001987,1.0309195547846752,1.2740421349569628,0.9610776218743968,0.9384914189401502,0.8051050799465032,0.8609383356141602,0.6644059267804052,0.6472673539061178,0.47730525696897846,0.4358619456864511,0.6410719660515796,0.5135129486446929,4,30.77,2.9444660999153003,0.8169889532302287,7.165000111909773,4,30.77,7.5,0.31301521786460185,-5.231391879337298,-5.2620845915164915,-5.200699167158105,-1.4632275777051102,0.11140189976513146,-1.4443026969339148,0.11977105676951427,-3.5451112701188223,1.3631094615804609,-4.453692814002395,1.3374370168514995
P036,violin,mime,novice,4,26.965,0.7882428915183727,0.05107764737479427,4,26.965,3.477676091408566,2.0751125200014178,0.8102876557357148,1.240084121089732,0.8762860075922845,1.0661577133796183,1.484038816068622,1.3829926916242525,2.67923506714213,1.297759762852094,1.0097078455807493,0.8769575726584448,0.9749907244363997,1.7854931536751804,1.253325477281691,0.9390533525753367,0.9056999179855298,1.7140047387131963,0.9516336732323462,0.8476428249177037,0.6325548769653886,0.4496939862426592,0.48028897221057015,0.6128975955064735,0.5833046230565924,4,26.965,2.5845000731081855,0.8781935114988803,5.025634909730775,4,26.965,8.5,0.43916098332665,-7.072895659345375,-7.072895659345375,,-1.5401327616354796,0.12180652059694769,,,-6.07630034770785,0.8745526405523982,,
P036,violin,play,novice,4,33.34,0.6887892713986555,0.17611725218880322,4,33.34,3.4892466273510405,2.8042081248069817,0.7168513187526978,1.3025096194065462,0.9283072962407737,1.0945551073941986,1.3919429842009148,1.1788994351062785,2.3412886177450565,1.4092732418342104,0.9125863940558467,0.8558327421593716,1.211196673549339,1.593629271556979,1.0543980897392449,0.8156833288696499,0.8857006660139347,1.6467506493009334,1.0129318297147971,0.908974755723096,0.5388281107463314,0.5222465117851276,0.5132311534707361,0.5220343062140718,0.6584848483046915,4,33.34,2.590481793676509,0.71070262637655,4.5386379130852355,4,33.34,9.0,0.3547713570355306,-7.3808987160158965,-7.3808987160158965,,-1.505835282468211,0.10541475483192453,,,-6.048528140230921,0.714721082988903,,
P037,violin,mime,expert,4,42.64,0.15499294116763454,0.41822514343430084,4,42.64,2.2754515436447056,0.8729898294115845,3.2001490382730466,2.2090124210880187,1.9321465303870573,2.726387594233044,1.287728352958667,1.2574608188849252,0.8180462950268694,1.3662941902689203,1.9136448795253933,1.012039730949792,0.8055236621209976,1.1581871945016649,0.8620151989388267,1.302619801956587,1.2132409299137819,0.4264258266261665,0.7137667954730521,0.45121315443330867,0.6598675838232337,0.2915013040287957,0.20691725208309397,0.30986709181243666,0.2667899766873242,4,42.64,2.1472149364586155,0.9777692540684424,10.262058580482696,4,42.64,7.75,0.42341002700012176,-6.110656775018337,-6.110656775018337,,-1.570498252942019,0.1035292479037721,,,-4.032861049793806,1.2212926193242495,,
P037,violin,play,expert,4,43.4,0.8399958657758381,0.09835176848427783,4,43.4,2.5023142506312515,0.9771781509648295,2.641417802775821,2.2938906621201114,2.140190479687469,2.7262135818841005,1.760596456124821,1.4559498317218886,1.0568179877930162,1.0375910652490432,1.780721107919354,1.1308262511358005,0.8184962820135044,1.3641627971728776,0.9117766238507546,1.2297866319474964,1.180820799074374,0.5120796998661841,0.7760204948466052,0.5910381692148675,0.7422686274718576,0.3964865888158371,0.34061439438136554,0.38637870143516206,0.39565940084840956,4,43.4,2.658361484594179,1.055321873826283,8.772190234515303,4,43.4,8.0,0.3576476293594004,-5.9273130926476,-5.9273130926476,,-1.5749227937499632,0.10368553076012273,,,-4.06683067596578,1.1159030600317705,,
P038,violin,mime,expert,4,40.14,0.6622999084895196,0.16164891326429986,4,40.14,2.061495032284108,2.3465695452686326,1.3079377098174514,2.353076105812174,2.588466228203414,1.590141369123948,1.4740178916326359,1.5930332189502228,0.7989349644823093,1.6232380266356845,1.5697945877789174,1.7695121367285855,1.1504129344772136,1.3756786690884877,1.233646325290265,1.0734974326416074,1.2205695165310453,0.5102949922874518,0.7861104569220081,0.5266763451101073,0.5599351372752659,0.5922385987308951,0.35070223794427857,0.9808365441571296,0.4477826597000967,4,40.14,3.6307032323279342,1.0381839173923437,6.925040131829614,4,40.14,10.0,0.28095626899165915,-4.869620952271889,-4.869620952271889,,-1.5791680731332554,0.10887428917457792,,,-3.9661388181909727,1.0961863657532116,,
P038,violin,play,expert,4,42.135,0.9041301593468748,0.024817055052309498,4,42.135,2.1479270851802044,2.3394182444944125,1.742554188271594,2.563108487726045,2.404278989164527,1.78013760015567,1.4145749687236897,1.6772266466178811,0.8400576463547879,1.3346588648858402,1.4708467830349377,1.4804022681075397,1.1400422663453078,1.1410598326259282,1.50572920259438,1.2246829292217154,1.0711861248506103,0.4892894863635416,0.9276095342728794,0.6419690162997193,0.6312031593823764,0.5118827349860602,0.4161184347071385,0.6936174823672521,0.5152191239373518,4,42.135,3.739603487837824,0.8145760977043887,7.422890686660315,4,42.135,10.0,0.3532635618255868,-4.591875966985374,-4.591875966985374,,-1.5944088380472237,0.10981176084705035,,,-3.8683764077724296,1.1156715301634839,,
P039,clarinet,mime,expert,4,31.654999999999998,0.6398282428655379,0.1395076392128892,4,31.655,1.6571164097380466,1.577626456129806,0.8600457374370865,1.2538116052798323,1.6330796762297317,1.9483807679446317,2.304535108667035,1.5832315236949717,2.28704447094385,1.6584870490418862,1.7704619283009237,0.8936161110619866,1.0461149176197388,1.4960749944692164,1.6907532276653248,1.4020845020201684,0.9685796721083995,1.1386956625334625,0.680834357955506,0.8824391028848746,0.6852901646666717,0.9818513835473048,0.8881689107919127,0.7164731094209467,0.7796362070233224,4,31.655,3.393173200891982,0.9402417620744561,4.122693128806813,4,31.655,9.0,0.2113685529471608,-5.272965284252454,-5.143328794341674,-5.402601774163235,-1.4345474182313218,0.13636463794589254,-1.4532863860836716,0.12868658774780958,-4.799573297533819,1.3546573156757111,-4.659498292031253,1.3785949538635451
P039,clarinet,play,expert,4,32.71,0.40465116394708417,0.3238937821147622,4,32.71,1.7995894712739604,1.3897421777587948,0.9299537641360691,1.2776249953661378,1.2789574977296811,1.6933662264944336,2.260142457071292,1.5606580861058472,2.3670919805363644,1.4345305908647006,1.3041153263911107,1.6560273455135712,1.7482265965472004,1.2529552827836659,1.463772625606211,1.6380837369558419,0.9460201445834293,1.1100056096768425,0.6341178843146267,1.2248606243365592,0.6294293646082778,0.7561566148554971,1.2002295234839668,0.8091324226751186,1.0326301334383305,4,32.71,4.099500041171217,1.2025146731461052,4.664749516036821,4,32.71,9.0,0.29226080468942844,-5.194601525869928,-4.7925207151608085,-5.596682336579047,-1.4405933598237688,0.12253097430979594,-1.4486904165216097,0.1226996978321911,-4.260155521749155,1.420676252694745,-4.1354192146047,1.3988107741890345
P040,clarinet,mime,expert,4,33.42,0.7728378397620214,0.10921913745232566,4,33.42,1.6753804828210936,1.723003034665728,2.3633667678997456,1.615897259214199,2.097731489840891,1.8471755877626057,1.7293817707293109,1.8541291075393032,1.8832500645051424,1.668844014894887,0.7301996289373556,1.9576242352563789,1.122739042057707,1.205748692615382,1.116916871019522,0.7166158160442492,1.0437391321419882,0.5057834487225916,0.7290244688146393,0.8156313124445144,0.7297343395900537,0.6830006067789203,0.6021976504502904,0.7673874982520547,0.7199488281230256,4,33.42,2.733731139207454,0.6199650024300534,4.686898024791773,4,33.42,9.0,0.2069992993710881,-6.610267997679856,-8.335995073260682,-4.884540922099031,-1.437987094395864,0.12856534172219258,-1.4576102726055686,0.13135615737914186,-4.956924648419491,1.2337187160706735,-4.807705410992368,1.3324653656598209
P040,clarinet,play,expert,4,36.21,0.4074366336975875,0.2754021347606268,4,36.21,1.9405366544819047,1.5294226173659147,2.2835777677611437,1.2395706462534952,1.7867090725506225,1.7055573906653498,1.7337320415353707,1.3043353147125405,1.4731661143188337,1.2837633258818086,0.7738229872613347,1.9459881142526774,1.6474914677166317,1.4046216058577419,1.3865744952279666,0.743078405354967,0.9540012079794855,0.4560564279617356,0.7571903632206856,0.9080048069222691,0.9079438590782822,1.1920526675398035,1.2919064245363865,0.7466327230355834,0.8464396095050705,4,36.21,2.809844462039371,0.572681234834453,3.8046483598980485,4,36.21,9.0,0.2166551238737779,-4.522856686575453,-4.7925644677680515,-4.253148905382856,-1.4355926618693822,0.12628307995482752,-1.448386033936786,0.12989276389825116,-4.749988014275656,1.2831960954864032,-4.644070287840934,1.3770646419878156
P041,clarinet,mime,novice,4,22.315,0.56103374404867,0.14539911670442926,4,22.315,1.5772478305320348,3.57597149112416,1.001833159655031,1.6458085181505866,2.979313272636146,2.1008153608570024,2.230868599440745,2.6484508040525574,0.9546916746628702,0.7266570994057114,1.0798254579828923,0.5254280826496414,0.7085345848166955,0.7455436997517931,0.5112095132634125,0.4710495800479666,0.4678394943297558,0.4972586453044628,0.5143875079720217,0.3894147456150272,0.39247801355506834,0.3164319642143013,0.29372075474730536,0.2710440862106013,0.29230460452865237,4,22.315,0.5269130660956745,0.21654111166693135,2.1794162231952363,4,22.315,7.5,0.24770210573322696,-6.379153954735511,-5.970390600343145,-6.787917309127877,-1.538374278511636,0.1401878431117843,-1.5213756583364875,0.1506069301499458,-6.345501517874954,1.1552446341803067,-6.131749758061055,1.2800319139931444
P041,clarinet,play,novice,4,21.665,0.2754746772918995,0.2530565102507144,4,21.665,2.5220033527714163,2.771206687807118,1.144273233703156,2.2990898951069405,3.1433497425080708,2.549957764122399,1.890656290931663,2.183188579630866,0.9761136023431944,0.6940228950665127,0.938142137660122,0.5795695405810902,0.458534318339934,0.48274007677778186,0.5603776615447977,0.5745240538235148,0.45817696333343305,0.43966648612685044,0.5675466056548324,0.4509576971269439,0.507693928527593,0.58556718906878,0.4133958453963167,0.2981923197614081,0.31365046508449146,4,21.665,0.5475372206666572,0.22525534125803537,2.406843399304207,4,21.665,7.25,0.2484995326053712,-6.041979665286247,-6.392549637845621,-5.691409692726874,-1.503314467983103,0.1385377381167249,-1.5257192479850492,0.13814110236246083,-6.067057388918662,1.1691078081739907,-5.915914580914397,1.3031502087527533
P042,clarinet,mime,expert,4,34.48,0.2983164928210791,0.2877265823909533,4,34.48,3.5653920817622415,2.154882383324239,1.3183332441233973,2.1000033936214897,1.8468551196827936,1.9174115903439513,1.5933111714261041,1.558379021774177,1.0813647898427734,1.5559140291447173,1.2032154708657226,0.9878561310977856,1.1800748752281525,1.2459483866294194,0.9817607153084198,0.8696217225531891,0.8580824232020956,0.752649554143968,0.5818665829917324,0.48715730121603246,0.5504657902073266,0.6167118619974434,0.46664623670357364,0.4205651112426245,0.5427666295901472,4,34.48,1.4635513492496561,0.5475699409200414,3.4028232257738367,4,34.48,8.75,0.1925736627177183,-6.195943078778518,-7.2820746865089685,-5.109811471048068,-1.4318255380202207,0.15210843139952995,-1.4670829491981938,0.13612402041470886,-5.206730235438022,1.3543274718552554,-4.951074815084121,1.2873246421710762
P042,clarinet,play,expert,4,34.44,0.47292694287321163,0.42582194418055763,4,34.44,2.5005147013692275,1.653693160942468,1.1305385255113594,1.430254089608647,1.8474965363121885,1.637187531752145,1.7180445333595584,1.297502184128841,2.121833872727002,2.0397127048402566,1.42001694327012,1.154150802959575,1.3234878597971758,1.7425603470178537,1.3554997015872186,1.0510485883670964,0.8100987287186413,1.2196949597381854,0.5766801521670962,0.8631991906619136,0.5379611430343375,0.8580498609035381,0.4446623525130367,0.603787283783503,0.6655991188730128,4,34.44,3.4778569911604293,1.0617217466915851,5.675778446778926,4,34.44,9.0,0.23254977342286165,-5.955416634237889,-7.878686487961048,-4.032146780514731,-1.4376165858052095,0.12433413432616328,-1.462166737040156,0.12208010835403398,-4.378091423687383,1.3453292233280696,-3.9530670293739165,1.368680810141203
P043,clarinet,mime,expert,4,29.695,0.8893142034550382,0.06540313070325467,4,29.695,2.320447054158204,1.7120342800683337,1.3466506802372917,1.3583307023699265,1.918142795749981,1.9034614878388356,2.6675569477043957,1.810451920775325,1.6124509534738545,1.8004042822226534,1.5832973452428618,1.5965355901882854,1.4627618256148696,1.3182579126168879,1.1659627524700897,0.9380556040180577,0.8628690589052689,0.5804860730733286,0.5572263026718413,0.514782306192592,0.49476300934129736,0.5136087202653261,0.5587395061848052,0.7131331768210318,0.6829621323224782,4,29.695,3.9931575823477354,1.13833568579203,4.996572010409364,4,29.695,8.75,0.1966033024579891,-4.761012963604204,-4.731124401862555,-4.790901525345852,-1.436841112386493,0.11095488077523996,-1.4462099389179286,0.120360625956332,-4.090021141761234,1.3240415505486025,-4.067377349860017,1.306523357812998
P043,clarinet,play,expert,4,29.865,0.8612869922024625,0.04821718160890377,4,29.865000000000002,2.5040745470724164,1.4709583755723057,1.5877125164399004,1.5997203266902102,1.8343364667316446,1.7296689681153765,2.5410355132967735,1.6705601851653764,1.8926000689579787,1.583201233953556,1.270411895674677,1.856614684179594,1.2701167331300904,1.190238411976304,1.3646020530924683,1.0450997066928713,0.8364685090555357,0.6306562884829741,0.5686377486029077,0.7094347034203174,0.5126682895851448,0.5648034752411331,0.5248743447170341,0.7291858499932091,0.7282848851762,4,29.865000000000002,4.021735191573684,1.1606320722739887,5.356771950903111,4,29.865000000000002,8.75,0.2067381856737341,-3.861674399964197,-3.8795329266784773,-3.8438158732499175,-1.4439834253356318,0.11514487166471732,-1.4658558242563973,0.11322383052809169,-3.703527098504607,1.2973187622832616,-3.8600606732946403,1.350926112727024
P044,violin,mime,competent,4,44.830000000000005,0.27428156992805935,0.5152068403377197,4,44.83,1.9101386550774646,0.9005938409948208,3.07430566070913,1.398537619966032,1.8213197145085842,1.005665286030812,1.0989755979364884,0.9861204134649004,1.0925750721177678,2.312808605575125,1.1987714305917965,1.539672793944268,1.4210087677982486,0.9449332294378302,0.7677804764735037,0.8550223318433228,0.9139165396627363,0.49485334863280445,1.1031939112799094,1.0136196613079913,0.670884165790302,0.7114838793990819,0.758608297883498,1.1131156215938993,0.48804308036730315,4,44.83,5.927496909348754,0.7096926314754612,6.748837802215437,4,44.83,8.25,0.46493046824376844,-6.056230520074703,-6.056230520074703,,-1.5466333470730453,0.10583474375715332,,,-4.385808496033107,1.177511792650717,,
P044,violin,play,competent,4,45.14,0.2770052051792846,0.42921649018754676,4,45.14,1.6070397375214966,0.7978203354899316,2.579745515523017,1.1579725247998596,1.8616421650023138,1.0839073404678423,1.73513217496253,1.2586500827062883,1.5121606263163747,2.089005870413112,1.1342369084964492,1.3541550476522892,1.8331294757814154,1.0934751783470678,1.4246920209274259,0.8839823660477801,1.1931789280166396,0.49101356185157974,1.0488857822475457,0.8982533333728373,0.6510270679172794,0.9531259226848126,0.7284656114211285,0.7633604062150195,0.6377189123628648,4,45.14,7.980530317636432,0.852732861040195,7.121996166244264,4,45.14,9.0,0.3449082081233029,-5.1053853162032095,-5.1053853162032095,,-1.5648872401515834,0.09970183350734968,,,-4.135638330922176,1.1520433633917473,,
P045,clarinet,mime,expert,4,30.5,0.9008001715484264,0.034687247763743344,4,30.5,1.949097364003891,1.3626056671045408,3.041899593693657,2.034051833136656,1.3891269348619593,1.6729124903148644,2.0883467670297904,1.2954841173138905,2.3999084035166183,1.04056946550421,1.3312480387094172,1.5867915417172487,0.8889876366507246,1.1663122868797051,1.195766366219183,1.0315307605261987,0.6800751221880771,0.5252440305079663,0.7098787187079968,0.7729335660855761,0.5662742229412946,0.6776442594894222,0.4471568220296586,0.7869935417464938,0.9440884035202184,4,30.5,5.012439278253442,1.4992526830894348,7.390015129687209,4,30.5,8.25,0.26345648028413904,-3.6671824752231212,-3.6375677413261895,-3.6967972091200534,-1.453923160853574,0.11979241739242315,-1.4847440816212005,0.1183136680721541,-3.711201619544013,1.493005564589395,-3.345009056866532,1.4356337248038025
P045,clarinet,play,expert,4,31.549999999999997,0.5716199129784886,0.32848995045195745,4,31.55,1.861326032087859,1.4173921811608785,3.0825371107602755,1.832596189851425,1.3757357956636616,1.2802369787091559,2.0697254499156688,1.1336962842603056,2.7178193781639504,1.008938903428118,1.1735600793731047,2.11480060998657,0.8786277892674113,1.2720063956975216,1.044835580614731,0.8324379914565851,0.6203206559063326,0.5938470918533449,0.5616931553844882,0.7476067216490498,0.510418455668358,0.8837268912670385,0.4833870845540239,0.7939679295438826,0.8818717253606143,4,31.55,5.552331996523759,1.4897160486098686,7.56791182808096,4,31.55,8.75,0.3142143568970257,-4.534799675924733,-4.738767010133944,-4.330832341715523,-1.4747131418539359,0.11918061299574007,-1.4969790868302848,0.12365664462517213,-3.411983764259506,1.4771161507610415,-2.9028432743547863,1.5730207487696295
P046,clarinet,mime,competent,4,25.75,0.7605177862093445,0.08911321661345031,4,25.75,3.693615054629772,2.157543114064647,2.484064209521261,1.7409481387351802,1.1860477888110723,1.082628751798995,1.6742405358366064,1.2648027904894947,0.8988668950721379,1.6262371008369159,1.0451753948334808,0.949385681385665,1.643760984757417,0.9354975088525099,1.0160051214449357,0.7115920778677893,0.8038906831971819,0.3764108836540987,0.6102395007042065,0.5328266095703124,0.5831844228850483,1.096637206051875,0.579732787518979,0.6146691093267314,0.5804687729864528,4,25.75,2.8591161192042898,0.6208235363557759,4.38258337628533,4,25.75,8.0,0.28659126855344286,-5.172525825515793,-6.176578929995447,-4.16847272103614,-1.4452204960854982,0.1386364384165615,-1.4604121706620676,0.11871938942580022,-4.964442589652466,1.3988671792500957,-4.668691946283231,1.3406003896305534
P046,clarinet,play,competent,4,26.930000000000003,0.749324147031591,0.06938628472900644,4,26.93,3.762312773501033,1.8530753238848054,1.9508260580820274,2.680555766586478,1.213844142676792,1.6050450023648375,1.4461396078223059,1.1763539006953265,1.147678834593871,1.3803530426349122,1.2693409868166867,1.1302758866348306,1.2145491249832252,0.7086897727508112,0.9711967473113745,0.6690224559050394,0.7547352253685016,0.5226737734653747,0.6561880555692298,0.6643393515634133,0.5286286082422014,0.9766013332639623,0.6856171223412963,0.6782108679945451,0.48901859535992315,4,26.93,3.8087158375715253,0.7262456097606633,6.128453419964775,4,26.93,8.0,0.24503924377830977,-6.009927283952203,-7.281968694166478,-4.737885873737929,-1.4338552861404168,0.13562008796152217,-1.4529671528674482,0.11644645842647305,-4.845137247292708,1.392231503791625,-4.176955583481278,1.4039319332368239
